,pr,ft,ft-area,pr-area
0,15716,69794541,11809897.909435367,2659.296169662986
1,49141,46286,7832.029938217165,8315.123000344158
2,232905,193882,32806.672179091314,39409.73367239487
3,302086,275285,46580.83138620992,51115.81462896493
4,190393,190393,32216.300307371144,32216.300307371144
5,13756,13756,2327.645591109954,2327.645591109954
6,0,0,0.0,0.0
