,pr,ft,ft-area,pr-area
0,328257,577952452,97795033.20507322,55544.19590004217
1,1007353,994040,168200.99035962042,170453.67615159825
2,4580694,4531864,766834.3456753358,775096.8445277566
3,11422880,11351188,1920728.6058490998,1932859.571807071
4,8453557,8446330,1429199.0975254243,1430421.9744290991
5,499730,499730,84559.05286750343,84559.05286750343
6,0,0,0.0,0.0
