,pr,ft,ft-area,pr-area
0,792119,2450875934,414711439.5269403,134034.04318002512
1,2528946,2509368,424608.8515318699,427921.6347088655
2,10320661,10213002,1728136.74595065,1746353.6692345485
3,24285467,24067053,4072373.495671677,4109331.2147860047
4,23114451,23088334,3906764.9637375725,3911184.2076967917
5,6194155,6194155,1048109.7394883452,1048109.7394883452
6,0,0,0.0,0.0
