,pr,ft,ft-area,pr-area
0,156325,767583080,129882332.94363178,26451.671781787114
1,525801,522721,88449.34799582628,88970.51319069532
2,2036595,2005999,339434.0453708183,344611.17858582264
3,3783636,3747311,634080.541412317,640227.0757316735
4,3249936,3246188,549285.7797407705,549919.9768675137
5,760346,760346,128657.75040841008,128657.75040841008
6,0,0,0.0,0.0
