,pr,ft,ft-area,pr-area
0,15875,47357817,8013391.534213581,2686.2004768007064
1,48652,48169,8150.651386898471,8232.379565184754
2,249820,248596,42064.79960508652,42271.912007203304
3,457881,448788,75939.18359574396,77477.80538695963
4,253942,253677,42924.55296714159,42969.3934790378
5,18008,18008,3047.124295195409,3047.124295195409
6,0,0,0.0,0.0
