,pr,ft,ft-area,pr-area
0,12472,28893175,4888999.084175512,2110.380620261947
1,42611,42372,7169.744037984223,7210.18510343023
2,181468,180303,30508.976665738443,30706.105708602874
3,398927,397702,67294.94815902958,67502.22977062523
4,358689,358678,60691.71745624717,60693.57876051456
5,1517,1517,256.6907794208927,256.6907794208927
6,0,0,0.0,0.0
