,pr,ft,ft-area,pr-area
0,1869337,5573879203,943153195.1324813,316309.53957172926
1,5905409,5853604,990485.282255277,999251.1793072871
2,24797578,24490604,4144042.339649593,4195985.250211194
3,58126259,57655519,9755860.32302313,9835513.993098669
4,50130345,50079337,8473898.515103197,8482529.552200561
5,9850238,9850238,1666753.6385638071,1666753.6385638071
6,0,0,0.0,0.0
