,pr,ft,ft-area,pr-area
0,110234,679020919,114896775.83467427,18652.6376919464
1,373740,370221,62644.90247065413,63240.350626739906
2,1431048,1405971,237903.6201932577,242146.88629446912
3,2558887,2541117,429981.0832759925,432987.93571522075
4,2021307,2021307,342024.304073109,342024.304073109
5,225952,225952,38233.22016592587,38233.22016592587
6,0,0,0.0,0.0
