,dist,area,dist-area-no-cos
0,0.0,0.0,0.0
1,0.0,0.0,0.0
2,0.0,0.0,0.0
3,0.0,0.0,0.0
4,0.0,0.0,0.0
5,99625.0,16666.124522668782,16857.494330788686
6,1232888.0,206248.07960355424,208616.33596484218
7,368.0,61.56219648022195,62.26908821812032
8,0.0,0.0,0.0
9,57851.0,9677.811490699238,9788.937561158908
10,26935.0,4505.917832051026,4557.6573129213875
11,0.0,0.0,0.0
