,dist,area,dist-area-no-cos
0,0.0,0.0,0.0
1,0.0,0.0,0.0
2,1517.0,254.92467179688188,256.6907794208927
3,499730.0,83706.31228593085,84559.05286750343
4,18008.0,3020.91879003011,3047.124295195409
5,2134570.0,357187.209712755,361189.47727650293
6,6194155.0,1036168.802001861,1048109.7394883452
7,13756.0,2297.7362383310465,2327.645591109954
8,0.0,0.0,0.0
9,760346.0,127194.48450906976,128657.75040841008
10,225952.0,37814.41839107032,38233.22016592587
11,2204.0,370.0542857221069,372.93769139330755
