,pr,ft,ft-area,pr-area
0,2687,15882612,2687488.49935374,454.66586967959046
1,7878,7042,1191.5731500869654,1333.0322744085647
2,41426,25200,4264.078867110413,7009.671870988728
3,19905,7151,1210.0169832820063,3368.114676580665
4,686,686,116.07770249356123,116.07770249356123
5,0,0,0.0,0.0
6,0,0,0.0,0.0
