,pr,ft,ft-area,pr-area
0,431670,909902824,153964182.65644783,73042.65573672825
1,1308760,1300858,220117.50424252052,221454.5975444216
2,5669024,5631850,952962.4034815785,959252.5966484818
3,14830728,14754062,2496527.1419935236,2509499.7558993124
4,12412247,12398607,2097961.828980446,2100269.8462720085
5,2134570,2134570,361189.47727650293,361189.47727650293
6,0,0,0.0,0.0
