,pr,ft,ft-area,pr-area
0,3982,26615849,4503653.938535786,673.7921447949867
1,12527,12527,2119.6871415988944,2119.6871415988944
2,53937,53937,9126.651660925965,9126.651660925965
3,65862,65862,11144.474696255,11144.474696255
4,75137,75137,12713.892612622027,12713.892612622027
5,2204,2204,372.93769139330755,372.93769139330755
6,0,0,0.0,0.0
